Fantasy,"Books in the fantasy genre"
Science Fiction,"Books in the science fiction genre"
Mystery,"Mystery novels"
Romance,"Romance novels"
Thriller,"Thriller and suspense novels"
Horror,"Horror novels"
Historical Fiction,"Historical fiction books"
Young Adult,"Young adult fiction"
Non-Fiction,"Non-fiction books"
Biography,"Biographies and memoirs"
Science,"Science and nature books"
Self-Help,"Self-help and personal development"
Cooking,"Cookbooks and cooking guides"
Art,"Art and photography books"
Travel,"Travel guides and travelogues"
Business,"Business and finance books"
Poetry,"Poetry collections"
Drama,"Drama and theater books"
Humor,"Humor and comedy books"
Crafts,"Crafts and hobbies books"
Health,"Health and wellness books"
Parenting,"Parenting and family books"
Education,"Education and teaching books"
Psychology,"Psychology and self-help books"
Philosophy,"Philosophy and ethics books"
Religion,"Religion and spirituality books"
Fantasy,"Fantasy novels and series"
Literature,"Classic literature books"
